line_id,Total_Units,Batches,Avg_Batch_Size,Total_Defects,Defect_Rate_%
Line5,3351309,3036,1103.856719367589,236787,7.07
Line1,3315162,3015,1099.5562189054726,218432,6.59
Line4,3213897,2961,1085.4093211752786,160094,4.98
Line2,3291731,2978,1105.349563465413,92886,2.82
Line3,3328868,3027,1099.7251404030394,67729,2.03
