line_id,Total_Units,Batches,Avg_Batch_Size,Total_Defects,Defect_Rate_%
Line4,3213897,2961,1085.4093211752786,141545,4.4
Line1,3315162,3015,1099.5562189054726,145210,4.38
Line3,3328868,3027,1099.7251404030394,145595,4.37
Line5,3351309,3036,1103.856719367589,146384,4.37
Line2,3291731,2978,1105.349563465413,142330,4.32
