parameter,Total_Tests,Passed_Tests,Avg_Value,Std_Value,Min_Value,Max_Value,Failed_Tests,Pass_Rate_%
temperature,1543,1338,1.000103694102398,0.11672904597576476,0.8,1.2,205,86.71
seal_strength,1433,1246,0.996692254012561,0.11643662194593779,0.8,1.2,187,86.95
weight,1459,1344,0.9994996572995202,0.11527962887054216,0.8,1.2,115,92.12
moisture,1565,1444,0.9984345047923322,0.11623644363588574,0.8,1.2,121,92.27
