parameter,Total_Tests,Passed_Tests,Avg_Value,Std_Value,Min_Value,Max_Value,Failed_Tests,Pass_Rate_%
seal_strength,1433,874,0.996692254012561,0.11643662194593779,0.8,1.2,559,60.99
temperature,1543,952,1.000103694102398,0.11672904597576476,0.8,1.2,591,61.7
moisture,1565,971,0.9984345047923322,0.11623644363588574,0.8,1.2,594,62.04
weight,1459,914,0.9994996572995202,0.11527962887054216,0.8,1.2,545,62.65
