return_reason,return_count,total_qty_returned,mean_qty
Mould Growth,1922,132629,69.0057232049948
Damaged Packaging,1912,128170,67.03451882845188
Expired,1899,127366,67.07003686150605
Crushed/Squashed,1867,124028,66.4317086234601
Returned Unsold,1829,123461,67.50191361399672
Stale,1834,123127,67.13576881134134
Wrong Delivery,1802,118739,65.89289678135405
