,total_qty_returned,pct_of_total
low_gi_seed_loaf,313097,35.67975658674446
soft_white,226311,25.789839547816573
whole_grain_loaf,180102,20.523976661500594
high_energy_brown,158010,18.006427203938372
