plant_id,count,mean,std,min,max
Shepperton_Plant,9000,75.54424777777777,125.32250566293774,0.0,779.97
