location,waste_count,total_waste_qty,mean_qty
Hatcliff,2090,267978,128.21913875598085
Bindura,2014,260039,129.11569016881828
Chegutu,2008,259455,129.21065737051794
Harare,2009,258288,128.56545545047288
Chinhoyi,2004,256148,127.81836327345309
Mutare,1955,250973,128.37493606138108
Murehwa,1990,250814,126.03718592964825
