sku,qty_waste_sum,qty_waste_mean,qty_waste_count
Low GI Seed loaf,554547,39.4134328358209,5264
Soft white,402560,28.611229566453446,5255
Whole grain loaf,315422,22.418052594171996,5234
High Energy Brown,289053,20.543923240938167,5322
