plant_id,count,mean,median,std,95pct
Shepperton_Plant,9156,11.561489733508083,8.0,14.943981986991593,41.0
