depot_id,count,mean,median,std,95pct
Bindura,1276,11.571316614420063,8.0,14.934589675480566,40.0
Chegutu,1266,11.347551342812006,8.0,14.925508774616574,41.0
Chinhoyi,1322,11.106656580937972,7.0,14.52774008448032,40.0
Harare,1314,11.827245053272451,7.0,15.254924033110521,41.0
Hatcliff,1282,12.242589703588143,9.0,15.151165301517192,41.0
Murehwa,1341,11.550335570469798,8.0,14.757235825711625,41.0
Mutare,1355,11.30479704797048,7.0,15.0574262342537,41.0
