equipment_id,count,mean
CONVEYOR_01,1038,31.204971098265894
PACKAGING_LINE_01,1026,88.35398635477583
OVEN_01,1022,120.95637964774951
COOLING_TUNNEL_01,1007,13.625809334657399
CONVEYOR_02,997,31.291865596790373
OVEN_02,995,117.07612060301508
DOUGH_MIXER_01,991,218.03231079717457
METAL_DETECTOR_01,962,2.271891891891892
PROOFER_01,962,55.68956340956341
